comment,author,date,num_likes
인생의 꿀,yyy,2023-01-25T14:46:12Z,0
킹준빈 너무 멋지다,jay 2,2023-01-25T14:45:18Z,0
주우재없으니 너무 섭섭해요,09t gfl,2023-01-25T14:33:15Z,0
"아니 이번에 왜케 웃기냐<br><a href=""https://www.youtube.com/watch?v=2KxEIeVNOtQ&amp;t=15m40s"">15:40</a> 쭈펄 갑자기 배우자 사랑고백<br><a href=""https://www.youtube.com/watch?v=2KxEIeVNOtQ&amp;t=25m46s"">25:46</a> 또 그이야기<br><a href=""https://www.youtube.com/watch?v=2KxEIeVNOtQ&amp;t=27m07s"">27:07</a> 또 그이야기2<br><a href=""https://www.youtube.com/watch?v=2KxEIeVNOtQ&amp;t=28m45s"">28:45</a> 이상한 회전목마<br><a href=""https://www.youtube.com/watch?v=2KxEIeVNOtQ&amp;t=29m46s"">29:46</a> 너 힙합이야<br><a href=""https://www.youtube.com/watch?v=2KxEIeVNOtQ&amp;t=29m58s"">29:58</a> 가짜힙합 주펄(쇼츠각)<br><a href=""https://www.youtube.com/watch?v=2KxEIeVNOtQ&amp;t=33m40s"">33:40</a> 개막말<br><a href=""https://www.youtube.com/watch?v=2KxEIeVNOtQ&amp;t=37m13s"">37:13</a> 개막말2<br><a href=""https://www.youtube.com/watch?v=2KxEIeVNOtQ&amp;t=41m30s"">41:30</a> 이상한 애니 꿋꿋하게 던지는 풍아저씨<br><a href=""https://www.youtube.com/watch?v=2KxEIeVNOtQ&amp;t=49m55s"">49:55</a> 상반된 의견<br><a href=""https://www.youtube.com/watch?v=2KxEIeVNOtQ&amp;t=54m27s"">54:27</a> 침착맨 미친 신년 애정운<br><a href=""https://www.youtube.com/watch?v=2KxEIeVNOtQ&amp;t=54m45s"">54:45</a> 침착맨 신년운세 안좋아서 신난 주펄",Gie Hoeid,2023-01-25T13:41:30Z,0
Gta5마저 파괴시켜버린 주펄..,어니부기,2023-01-25T13:36:12Z,0
"준빈쓰 유퀴즈 나온 거 봤어요, 침착맨 방송과는 꽤 다른 모습에 마음이 아팠습니다, 아픈 기억은 뒤로 날리고 앞으로만 나아가길!",Thomas Choi,2023-01-25T13:35:10Z,0
디토 끝까지 부르는게 킹받네,에이씨엘,2023-01-25T13:03:20Z,0
"<a href=""https://www.youtube.com/watch?v=2KxEIeVNOtQ&amp;t=50m30s"">50:30</a> 라면꼰대x 꼰대라면o",MiRi,2023-01-25T12:02:56Z,0
준빈쿤 정장에 흰색 손수건 같은건줄 알았는데 마스크였네 ㅋㅋㅋㅋㅋㅋㅋㅋㅋㅋㅋㅋㅋㅋㅋㅋㅋㅋㅋㅋ,호옹이,2023-01-25T11:59:16Z,0
디토는 무슨 하울링이여 ㅋㅋㅋㅋㅋㅋㅋㅋㅋㅋㅋㅋㅋ,Yeon,2023-01-25T11:54:27Z,0
준빈 곽 말 진짜 잘한다,ㅇㅇ,2023-01-25T11:52:32Z,1
예전엔 무도였다면 지금은 침착맨이다,K,2023-01-25T11:29:04Z,2
준빈쿤 옆에 당연히 안경 벗은 빠니 님인 줄..,속눈썹,2023-01-25T10:20:29Z,0
마지막 아이돌 노래부르는 군장병들 재현까지 완벽!,현현,2023-01-25T09:43:43Z,0
주풍 ㅋㅋㅋ,가영정,2023-01-25T09:42:39Z,0
마지막 3분을 위한 55분짜리 영상,Yu K,2023-01-25T09:41:38Z,0
곽준빈님은 진짜 목소리톤이 배우같다,박준영,2023-01-25T09:20:34Z,0
"<a href=""https://www.youtube.com/watch?v=2KxEIeVNOtQ&amp;t=13m00s"">13:00</a>",김민혁,2023-01-25T09:11:40Z,0
"<a href=""https://www.youtube.com/watch?v=2KxEIeVNOtQ&amp;t=50m15s"">50:15</a> 선율보다 더 선율",캉캉,2023-01-25T09:09:19Z,0
"한동규조커 조커분장 벗으니 잘생겼잖아,,?",킹나무,2023-01-25T09:07:50Z,1
ㅋㅋㅋ,잭스를알려주겠다,2023-01-25T08:50:55Z,0
머야 애국가틀때 태극기 찾는 풍아조씨보고 양말벗겨진 쭈펄 없네 ㅋㅋㅋㅋ<br>이래서 풀버전봐야해 ㅋㅋㅋㅋ,안땡,2023-01-25T08:46:30Z,0
z,월 시,2023-01-25T08:34:17Z,0
준빈쿤 자신있게 영어하는거 넘 보기 좋음. 완벽하게 영어문법을 지켜서 구사해야한다는 생각을 버려요 풍펄,비단골한량,2023-01-25T08:18:46Z,4
ㅋㅋㅋㅋㅋㅋㅋㅋㅋㅋㅋ,cloud CASTLE,2023-01-25T08:15:39Z,0
"<a href=""https://www.youtube.com/watch?v=2KxEIeVNOtQ&amp;t=25m40s"">25:40</a>",judy choi,2023-01-25T07:30:59Z,0
독호민 십 ㅋㅋㅋㅋㅋㅋㅋㅋㅋㅋㅋ,장진진,2023-01-25T06:51:15Z,0
미쳤다 디토 마무리 까지 완벽,감자두,2023-01-25T06:28:43Z,0
무도냄새 살짝난다 좋다그냥,ᄉᄉ,2023-01-25T06:27:19Z,1
곽튜브 옆에서 번역하는고 웰케웃기냐 ㅋㅋㅋㅋㅋㅋㅋㅋㅋㅋ,내누군지아니,2023-01-25T06:01:39Z,0
주우재 대상줘,김하연,2023-01-25T05:57:24Z,0
마지막  부분  &quot;팍삭 해진스의 디러&quot; 잘 들었읍니다.,장영민,2023-01-25T05:39:14Z,0
ㅋㅋㅋㅋㅋㅋ시상식 중 젤 재밌었다,SONG,2023-01-25T05:07:03Z,1
아니 버릴 장면이 없네ㅋㅋㅋㅋㅋㅋㅋㅋ,서으뜸,2023-01-25T05:04:58Z,1
"하나는 궤도 줘랔ㅋㅋㅋㅋㅋ<br>특별상으로 열쇠고리 만들어서 궤도님, 주우재님, 민수님들께 선물드리면 좋을 것 같아여",치팅치팅쵸쵸,2023-01-25T05:01:42Z,0
자기들 끼리 참 재밌게 놀고있네염<br>시상식 놀이 의미있을깡....,달거이,2023-01-25T04:44:36Z,0
???,ordo,2023-01-25T08:40:56Z,0
왜이렇게 어렵게 모신거냐고 ㅋㅋ,Ahn Shaun,2023-01-25T04:43:27Z,0
침착맨 무리하지마시고 즐기면서 오래오래 건강하게 방송해줘잉,Yeoni,2023-01-25T04:28:22Z,0
디또 저걸 편집없이 풀로 보녀줄 거라곤 생각 못했는데...,BJ H,2023-01-25T04:28:20Z,0
대화 틈새에 깐족대는 주펄님 너무 웃겨요<br>세상에서 제일 귀여운 동그라미,Lee,2023-01-25T04:25:49Z,2
저작권 절대 안 걸릴 것이라고 판단하셨나요 디토 합창은 걍 틀어버리시넼ㅋㅋㅋㅋㅋㅋㅋㅋㅋㅋㅋ,치즈탐험신비의세계,2023-01-25T04:13:53Z,0
하 암만 봐도 전무님 태극기 밀당이랑 주펄의 째즈국가가 빠진건 아쉽네요..이게다 국익을 위해서 그러신거겠죠?,봤구나마타타,2023-01-25T04:12:17Z,0
곽튜브 매력둥이ㅋㅋ,김서현,2023-01-25T04:11:44Z,0
"<a href=""https://www.youtube.com/watch?v=2KxEIeVNOtQ&amp;t=20m00s"">20:00</a>",지수함수e,2023-01-25T04:08:11Z,0
"<a href=""https://www.youtube.com/watch?v=2KxEIeVNOtQ&amp;t=4m50s"">4:50</a> 침부투 ㅋㅋ",이상현,2023-01-25T04:00:54Z,0
상 받을때 저 무지개이끼도 같이줘서 상패가 무지개색이 되서 더 간지남,침수,2023-01-25T04:00:49Z,0
"<a href=""https://www.youtube.com/watch?v=2KxEIeVNOtQ&amp;t=29m23s"">29:23</a> 위험발언, 좌표찍었습니다.",Tongki Lee,2023-01-25T03:57:27Z,0
"<a href=""https://www.youtube.com/watch?v=2KxEIeVNOtQ&amp;t=21m00s"">21:00</a>",록시 미굴디아,2023-01-25T03:53:35Z,0
재밌따..................,Jireh,2023-01-25T03:50:38Z,0
왜 최고민수는 없는가,정재,2023-01-25T03:40:47Z,0
누진세 엔딩무대까지 완벽...,Noth,2023-01-25T03:38:21Z,0
아니 시상식 과정보다 노래 부르는 게 더 웃기는 게 말이 되냐고 ㅋㅋㅋㅋ,Brian Kim,2023-01-25T03:36:52Z,0
준빈쿤 최신순으로 이 댓글도 보려나?? 항상 응원합니다 준빈쿤!!!,똥궁딩잉,2023-01-25T03:31:06Z,0
준빈쿤 말하기 전에 생각했나요?,김민준,2023-01-25T03:26:26Z,1
"<a href=""https://www.youtube.com/watch?v=2KxEIeVNOtQ&amp;t=27m07s"">27:07</a> &quot;명분&quot;",김동현,2023-01-25T03:22:31Z,0
"<a href=""https://www.youtube.com/watch?v=2KxEIeVNOtQ&amp;t=33m45s"">33:45</a><br>트위치 - 사과해<br>유튜브 - 할일없긴해 ㅋㅋ<br>반응 극과극인게 웃기네 ㅋㅋㅋ",적당이,2023-01-25T03:17:22Z,0
다같이 디토 개열심히 부르는게 개웃기네ㅋㅋ,구와아악,2023-01-25T03:05:43Z,0
준빈쿤은 진짜 전설이다,SY,2023-01-25T02:59:06Z,0
준빈쿤 입장하자마자 간신배 웃음 개웃기네..ㅋㅋ,s22울트라그린,2023-01-25T02:53:18Z,0
58분 순삭당했어... 마지막 디토 마무리까지 무쳤다 ㅋㅋㅋㅋㅋㅋㅋㅋㅋㅋ 세번째 듣는중ㅋㅋㅋㅋㅋ,청아한청아,2023-01-25T02:37:34Z,4
한시간동안 웃다가 갑니다,란팡팡,2023-01-25T02:12:28Z,0
☆☆☆●☆▪︎▪︎●●7광구에 대해서 다뤄주세요 진짜 우리나라 미래가 달린 일입니다.셜록현준 유튜브에 홍기자님 초대 부탁드립니다 ㅠㅠㅜㅜ,럭키부부,2023-01-25T02:07:35Z,0
폐회사에서 흑마술까지 완벽하다,반려인간_유진,2023-01-25T01:43:58Z,0
와 이거 개꿀잼인데 원본도 개꿀인가?,철별,2023-01-25T01:38:29Z,0
ㅇㅇ,김승환,2023-01-25T02:05:53Z,0
"진짜 보면서 생각보다 유튜브에 진심을 가지고 임해주시는 분들인 것을 알 수 있었고, 이로 인해 작년에 재미있는 컨텐츠들과 양질의 영상을 볼 수 있었던 거 같아 너무 고맙다고 느낀다. 유튜브로 성공하는 사람들은 역시 다르는게 확실하게 느껴진다...",오구일,2023-01-25T01:15:45Z,4
"<a href=""https://www.youtube.com/watch?v=2KxEIeVNOtQ&amp;t=7m03s"">7:03</a> 한 동규조커님 쭈구리고 나가는 거 왜이렇게 웃기지 ㅋㅋㅋㅋㅋㅋㅋㅋ",장자크물소,2023-01-25T01:11:13Z,6
올드진스 나도 모르게 따라 불렀네ㅋㅋㅋㅋ,jj choi,2023-01-25T01:07:13Z,0
작년까지는 이상한 흙덩이가 트로피라 하더니 올해는 그래도 제대로된 트로피 만들었네요 ㅋㅋㅋ<br>올해는 트로피 부수기 안하나요?,rns C,2023-01-25T01:05:14Z,0
침펄풍님 곽튜브님 말할때마다 긍정적으로 호응해주셔서 따뜻하네요,리리,2023-01-25T00:56:31Z,3
곽튜브는 이미 고점 찍은거같은데ㅋㅋ,koandkull,2023-01-25T00:34:08Z,0
"<a href=""https://www.youtube.com/watch?v=2KxEIeVNOtQ&amp;t=05m28s"">05:28</a> 곽튜브옆에 빠니보틀도 왓네",Eun Jin Lee,2023-01-24T23:58:22Z,1
디토 킹받내..,정유라,2023-01-24T23:41:31Z,0
마이크가 엄청  자주 튀는데 뭐가 문제인지...,ざぶ,2023-01-24T23:37:52Z,0
DITTO 어쩔거예요?? 내용증명 날아갈것같아요 ㅋㅋㅋㅋㅋㅋㅋㅌ김풍님 알 넣어야할듯요. ㅋㅋㅋ,HS Jeon,2023-01-24T23:21:10Z,0
"<a href=""https://www.youtube.com/watch?v=2KxEIeVNOtQ&amp;t=46m15s"">46:15</a>",이은영,2023-01-24T23:11:38Z,0
주펄... 그의 인생자체가 비혼개그다...,Kim,2023-01-24T23:10:56Z,1
"<a href=""https://www.youtube.com/watch?v=2KxEIeVNOtQ&amp;t=32m29s"">32:29</a>",Edward kim,2023-01-24T22:56:33Z,0
원래 디토가 저렇게 먼지가득 낀 느낌이였나 ㅋㅋㅋㅋㅋㅋ,helloiamcrong,2023-01-24T20:53:22Z,1
준빈쿤 ㅋㅋㅋㅋㅋㅋㅋ😊 매력있어 긔엽다 2023도 화이팅 🎉🎉,Choi,2023-01-24T20:39:56Z,0
진짜…… 이제 뉴진스 못 듣는다…😭,JK,2023-01-24T20:25:20Z,0
과연 준빈쿤 올해의 인물다운 퍼포먼스네요 ㅋㅋ,hanjm13,2023-01-24T20:08:16Z,5
카더가든 주우재 왜안나옴,배일,2023-01-24T20:04:07Z,0
김풍은 볼때마다 새롭다..,Keepmyspiritalive,2023-01-24T19:40:29Z,1
디토 ㅋㅋㅋㅋㅋㅋㅋㅋㅋㅋㅋㅋㅋㅋㅋ,TheBaddestmale,2023-01-24T19:34:14Z,0
벌써 58분이 다 지나갔어.. ㅠㅠ 재밌었다 ㅎㅎ,유준규,2023-01-24T19:07:27Z,0
귀신나온다는거 웃기넼ㅋㅋㅋ,이승철,2023-01-24T18:43:15Z,0
아 재밌게 보다가 마지막 디토에서 진짜 개웃었네 ㅋㅋㅋㅋㅋㅋㅋㅋㅋㅋㅋㅋㅋㅋㅋㅋㅋㅋㅋㅋㅋㅋㅋㅋㅋㅋㅋㅋㅋㅋㅋㅋ,utan orang,2023-01-24T18:31:29Z,3
범인찾기,개미핥기핥기,2023-01-24T18:29:51Z,0
"<a href=""https://www.youtube.com/watch?v=2KxEIeVNOtQ&amp;t=55m56s"">55:56</a> 시민회관에서 공연한다고 정장 빼입은 중장년 합창단 같음",이가연,2023-01-24T18:25:14Z,0
"<a href=""https://www.youtube.com/watch?v=2KxEIeVNOtQ&amp;t=21m52s"">21:52</a> 주씨들이 잘한다고 했는데, 이악물고 주펄은 언급 안해줌 ㅋㅋㅋㅋㅋㅋㅋㅋㅋㅋ",민병조,2023-01-24T18:18:47Z,3
"<a href=""https://www.youtube.com/watch?v=2KxEIeVNOtQ&amp;t=7m57s"">7:57</a> 준빈쿤 영어 광고 들어오면 좋겠닼ㅋㅋㅋㅋㅋ 실전영어는 저게 맞짘ㅋㅋㅋㅋㅋㅋㅋㅋ 너무 웃었넼ㅋㅋㅋㅋㅋㅋㅋㅋㅋ",François Petit,2023-01-24T18:10:49Z,8
"<a href=""https://www.youtube.com/watch?v=2KxEIeVNOtQ&amp;t=3m21s"">3:21</a> 호민이형  노출 ㅗㅜㅑ",최씨랍니다,2023-01-24T17:57:16Z,0
애국가에서 디토로 넘어가는 빌드는 진짜 ㅋㅋㅋㅋ,MyaRee,2023-01-24T17:52:31Z,0
준빈쿤 차려입으니까 왤케 꼬마도련님 같음? ㅋㅋㅋㅋ<br>동그란 안경 졸귀엽네 ㅋㅋㅋㅋㅋ,54 10,2023-01-24T17:39:37Z,2
"<a href=""https://www.youtube.com/watch?v=2KxEIeVNOtQ&amp;t=6m05s"">6:05</a> 확실히 돈 생각 안해도 되는 사람들은 생각이 다르네.<br><br><br> 나는 하스스톤할 때 팩 하나, 투기장 이용권 하나 뿌리면 되게 좋아했는데 돈에 신경 안쓰고 사는 사람은 그런 걸 싫어할 수도 있구나.<br><br> 새로운 관점을 알아갑니다.",김동언,2023-01-24T17:38:19Z,0
Ditto합창 진짜 킹받네 ㅋㅋㅋㅋㅋㅋㅋㅋㅋㅋㅋㅋㅋㅋㅋㅋㅋㅋㅋㅋㅋㅋㅋㅋㅋㅋ,용감한오리,2023-01-24T17:36:44Z,2
전무님 폼 좋으시네 ㅋㅋㅋ,용용,2023-01-24T17:27:16Z,0
한번보고 조커피디님 웃참 리액션만 보려고 또보게되네요ㅋㅋㅋㅋ,JADA JANG,2023-01-24T17:25:52Z,0
쇼츠로 올라오는 18년 침착맨 보다가 지금모습보는데 이게 디토지 ㅋㅋㅋ,병걸시,2023-01-24T17:20:39Z,0
"<a href=""https://www.youtube.com/watch?v=2KxEIeVNOtQ&amp;t=37m13s"">37:13</a> ㅋㅋㅋㅋㅋㅋㅋㅋㅋㅋㅋ",유준규,2023-01-24T17:18:46Z,0
이건 원본 ㅋㅋ,지우개,2023-01-24T17:17:07Z,0
준빈쿤 꾸미고온거 ㅈㄴ 귀엽네ㅋㅋㅋㅋㅋ,최유진,2023-01-24T16:59:23Z,4
공로상 궤도도 줘잉...,김경민,2023-01-24T16:57:19Z,2
6월까지 상안받아가면 궤주라!,WIMA,2023-01-24T16:54:38Z,0
컴타운 어워즈..ㅋㅋㅋㅋ,umha hahaha,2023-01-24T16:52:06Z,0
"<a href=""https://www.youtube.com/watch?v=2KxEIeVNOtQ&amp;t=55m52s"">55:52</a> 뉴침스 - Ditto",Vitale,2023-01-24T16:49:35Z,1
와 근데 이 아재 삼총사 진짜 독하다 ㅋㅋㅋ준빈쿤따위 다크하다고 명함도 못 내민다 ㅋㅋ,강승구,2023-01-24T16:47:36Z,0
준빈쿤과 방장의 투샷은 너무 폭력적이네요...🥲 준빈쿤  응원 합니다💪,walkfavor,2023-01-24T16:45:30Z,0
인트로는 당연히 주펄 애국가제창인줄 알았는데 ㅋㅋ,O J,2023-01-24T16:42:11Z,1
곽튜브는 진짜 치트키다..,ㅋㅈㅅ,2023-01-24T16:41:01Z,1
오늘 방송 너무재밌노,김동근이다 씨발놈들아,2023-01-24T16:36:26Z,0
주우재는 왜 없나유,소정,2023-01-24T16:35:54Z,0
근손실영어ㅋㅋㅋ,kujo kujo,2023-01-24T16:34:28Z,1
쪼커피디님 웃참하는거 개웃기네 ㅋㅋㅋㅋ,유남생,2023-01-24T16:32:43Z,0
"<a href=""https://www.youtube.com/watch?v=2KxEIeVNOtQ&amp;t=35m10s"">35:10</a>",yojou,2023-01-24T16:29:20Z,0
"<a href=""https://www.youtube.com/watch?v=2KxEIeVNOtQ&amp;t=39m13s"">39:13</a> 진짜 맞는게 유튜브건 웹툰이건 초창기에 나온 것들은 퀄이 방송국이나 출판만화만 못해도 정말 재밌고 애착가는데 오히려 이 시장이 궤도에 오르고 나서 퀄이 기존 메이저 매체처럼  엄청 올라가고,역으로 주류들이 이쪽으로 진출했는데도 새로운 컨텐츠에 정을 주기가 더 어려움..",강승구,2023-01-24T16:23:46Z,11
유튜브 트렌드에 대한 혜안도 등장하는 와중에 진짜 개쳐웃기네 ㅋㅋㅋㅋㅋㅋ 독호민 곽준빈 폼 미쳤다,woo179,2023-01-24T16:22:08Z,1
원박가서 보세요 여러분 개꿀잼입니다,홍시,2023-01-24T16:16:08Z,0
준빈이형 잘생겼는데??😏😏,Un141 Y,2023-01-24T16:05:07Z,1
침착맨에서 우마 나올 정도면 이제 구독자인거 숨기지 않아도 되는거지?,Barkhan,2023-01-24T16:05:01Z,0
숨겨!,KAY,2023-01-24T16:24:57Z,0
준빈쿤이랑 생년월일 다 다른데 왜 운세가 똑같냐...,Won Jin Lee,2023-01-24T16:03:59Z,1
디토 미치겠네 ㅋㅋㅋㅋㅋㅋㅋㅋㅋㅋ,yoda,2023-01-24T16:01:12Z,2
아 부두술디토 너무웃긴데 ㅋㅋㅋㅋㅋㅋㅋㅋㅋㅋㅋㅋㅋㅋㅋㅋㅋㅜㅜㅜㅜㅜㅜㅜ,hyunney,2023-01-24T15:58:23Z,2
김풍선생님 턱시도 입으니까 약간 정우성 느낌 남 ㅋㅋㅋㅋㅋㅋㅋㅋ 멋있어요,김기주,2023-01-24T15:57:46Z,0
준빈쿤 컨텐츠 연구 엄청 열심히 했나부다잉,유투브프리미엄,2023-01-24T15:54:56Z,0
"<a href=""https://www.youtube.com/watch?v=2KxEIeVNOtQ&amp;t=00m56s"">00:56</a> 준빈쿤 폼 미쳤다ㅋㅋㅋㅋㅋ",서하민,2023-01-24T15:46:52Z,7
준빈오빠 사랑해,GYU SA,2023-01-24T15:43:17Z,2
애국가 제창이 빠졌네 ㄲㅂ,jan0114,2023-01-24T15:41:44Z,0
마지막 개욱기네,itree u,2023-01-24T15:40:03Z,0
디토 너무 무섭다 …. 꿈에 나올까 두려워요 😅😅,Eunzin Ahn,2023-01-24T15:37:54Z,0
편집 ㄹㅇ 미쳤음 1~2초를 짤라서....,전문기사,2023-01-24T15:31:25Z,0
풀버젼 이미 봐서 볼까말까 고민 하다가 <br>또 보는 내가 레전드 먼가 압축판은 <br>또 다른맛이 난단 말이야 ㅋㅋㅋ,부장아재해돌쿤,2023-01-24T15:30:34Z,3
엔딩곡 누가 오토튠좀 만져주라,주차뿔라,2023-01-24T15:27:09Z,0
곽준빈 보조개 귀엽다고 생각해버렸어!!,ㅅㅇ,2023-01-24T15:21:55Z,0
궤도랑 근처 살아서 영화 자주 보는 침착맨... TMI 감사하다...,Dominic,2023-01-24T15:20:05Z,0
그건 전무님,바를정,2023-01-24T16:09:28Z,2
준빈쿤 귀엽네,두돧둗,2023-01-24T15:19:32Z,0
어쩐지 방장빼고 다 진심인것같은 복장이잖아 ㅋㅋㅋㅋㅋㅋ,황석현,2023-01-24T15:18:10Z,0
전무님 진짜 숨차보임ㅋㅋㅋㅋㅋㅋㅋ,레몬 김,2023-01-24T15:17:49Z,0
아개웃기다...,꽤웃겨,2023-01-24T15:17:48Z,0
"<a href=""https://www.youtube.com/watch?v=2KxEIeVNOtQ&amp;t=4m52s"">4:52</a> 침부투",오메가쓰리,2023-01-24T15:17:34Z,2
너무 재밌었다 ㄹㅇ,zzgun,2023-01-24T15:16:31Z,0
"<a href=""https://www.youtube.com/watch?v=2KxEIeVNOtQ&amp;t=28m25s"">28:25</a>",뿅뿅,2023-01-24T15:16:08Z,0
"이게 주펄 재즈애국가가 빠졌다고,,, 근데 잘 빼긴 한듯 ㅋㅋㅋㅋ 그래도 제발 생방 못본분들은 즉시 침원박으로 달려가 보시길.. 후회 없습니다",밍키야가라,2023-01-24T15:09:32Z,0
Sofa좌도 하나 수상받을 줄 알았는데..,신현종,2023-01-24T15:09:23Z,2
생방때 마지막 노래에 침흘리면서 봤습니다 ㅋㅋㅋㅋㅋㅋㅋㅋㅋㅋㅋㅋㅋㅋㅋㅋ 개웃겨 미친ㅋㅋㅋㅋㅋㅋㅋㅋㅋㅋㅋㅋㅋㅋ,T eo,2023-01-24T15:05:47Z,20
"<a href=""https://www.youtube.com/watch?v=2KxEIeVNOtQ&amp;t=1h00m00s"">1:00:00</a>",사마,2023-01-24T15:02:52Z,0
디토 피디님들까지 끝까지 다 부르시는게 진짜 더 웃기닼ㅋㅋㅋㅋㅋㅋㅋㅋㅋ앜ㅋㅋㅋㅋㅋㅋㅋㅋㅋㅋㅋㅋㅋㅋㅋㅋㅋㅋㅋㅋㅋㅋㅋㅋㅋㅋㅋㅋㅋㅋㅋ,나의 서른하나,2023-01-24T15:02:34Z,36
침투부 너무 좋아,이겨내자,2023-01-24T15:01:49Z,0
애국가 어디감 ㅋㅋ,음식,2023-01-24T14:58:43Z,0
zzzzzzzzzzzzzzzzzzzzzzzㅋㅋㅋㅋㅋㅋㅋㅋㅋㅋㅋㅋㅋㅋㅋㅋㅋㅋㅋㅋㅋㅋㅋㅋㅋㅋㅋㅋ,빙가빙,2023-01-24T14:58:01Z,0
"<a href=""https://www.youtube.com/watch?v=2KxEIeVNOtQ&amp;t=2m02s"">2:02</a> 여기 단체로 까와잉~~ 이날 준빈쿤 너무 커여웠음<br><a href=""https://www.youtube.com/watch?v=2KxEIeVNOtQ&amp;t=55m56s"">55:56</a> 침투부 버전 ditto 진짜 기괴함ㅋㅋㅋㅋㅋㅋㅋㅋㅋㅋㅋ<br>나한테는 알보칠 다음으로 웃김ㄹㅇ 이건 풀버전으로 봐야됨<br><a href=""https://www.youtube.com/watch?v=2KxEIeVNOtQ&amp;t=28m22s"">28:22</a> 관통맨;;",최연우,2023-01-24T14:56:36Z,15
디토무친ㅋ,침착맨이남친인꿈꿈,2023-01-24T14:56:05Z,0
2022 수고한 침착맨 칭찬해~,UNE_JACK,2023-01-24T14:53:48Z,1
진짜 인정 안할라 그랫는데..준빈쿤 진짜 귀엽고 호감이다 준빈이 화이팅!!,귀여운마굴,2023-01-24T14:52:17Z,7
고된 하루를 끝내고 집에서 밥먹으면서 보는 1시간짜리 침착맨 영상 감사하다..,와이즈라이팅,2023-01-24T14:52:10Z,9
근데 올해는 어떨까? 코너부터 느껴지는건데  김풍이 뭔가 유튜브를 잘 꼬집고 긁어주는 듯... <br>객관화가 잘 되어있는 느낌?<br>준빈쿤도 물론이구유유우욹♡♡,서윗,2023-01-24T14:51:46Z,1
와 마지막 디토 합창은 항마력 ㅈ된다..ㅋㅋㅋ,jm kim,2023-01-24T14:50:51Z,5
마지막 장송곡 ㄹㅇ 개터졌네 ㅋㅋㅋㅋㅋㅋㅋㅋㅋ,구양천,2023-01-24T14:49:31Z,0
개회사하는거 ㅋㅋㅋ 기안84가 나혼산에서 기라인 이랍시고 셋이서 mt 가서도 개회사 저렇게 고급지게 준비했었는데 똑같네 둘이 ㅋㅋㅋ,김태정,2023-01-24T14:48:08Z,1
어허ㅋ,침착맨이남친인꿈꿈,2023-01-24T14:56:45Z,0
꿀잼꿀잼,Premium,2023-01-24T14:46:39Z,1
주펄 애국가가 개웃긴데 빠졌네 ㅋㅋㅋㅋㅋ,Man Long,2023-01-24T14:45:16Z,0
허술한 시상식을 보면서 뭔가 가슴이 따듯해지는 이 기분이...이걸 보고 비로서 연말느낌이 나네,이광배,2023-01-24T14:44:08Z,13
"쭈형 오늘 좀 빡셈<br><a href=""https://www.youtube.com/watch?v=2KxEIeVNOtQ&amp;t=11m54s"">11:54</a><br><a href=""https://www.youtube.com/watch?v=2KxEIeVNOtQ&amp;t=12m10s"">12:10</a><br><a href=""https://www.youtube.com/watch?v=2KxEIeVNOtQ&amp;t=12m35s"">12:35</a><br><a href=""https://www.youtube.com/watch?v=2KxEIeVNOtQ&amp;t=15m40s"">15:40</a><br><a href=""https://www.youtube.com/watch?v=2KxEIeVNOtQ&amp;t=16m10s"">16:10</a><br><a href=""https://www.youtube.com/watch?v=2KxEIeVNOtQ&amp;t=20m55s"">20:55</a><br><a href=""https://www.youtube.com/watch?v=2KxEIeVNOtQ&amp;t=22m42s"">22:42</a> <br><a href=""https://www.youtube.com/watch?v=2KxEIeVNOtQ&amp;t=25m45s"">25:45</a><br><a href=""https://www.youtube.com/watch?v=2KxEIeVNOtQ&amp;t=29m45s"">29:45</a><br><a href=""https://www.youtube.com/watch?v=2KxEIeVNOtQ&amp;t=30m55s"">30:55</a>",Hyunu,2023-01-24T14:41:23Z,1
마지막 6아재의 띠또 끔찍하다 정말,얼굴수재tv facegenius,2023-01-24T14:40:47Z,0
ㅋㅋㅋㅋ디토 미쳣네여,구마 go,2023-01-24T14:39:52Z,1
쭈형..,나만없어고양이,2023-01-24T14:38:56Z,0
중간에 침부투 ㅋㅋㅋㅋㅋㅋ,굥찬경,2023-01-24T14:37:51Z,0
"<a href=""https://www.youtube.com/watch?v=2KxEIeVNOtQ&amp;t=37m13s"">37:13</a><br>돈이 세상의 전부예요?<br>뭐하는 거야!",esther,2023-01-24T14:37:40Z,1
"<a href=""https://www.youtube.com/watch?v=2KxEIeVNOtQ&amp;t=2m01s"">2:01</a> 동시에 쑥 내려가는 거 왤케 귀여움 ㅋㅋㅋㅋㅋㅋㅋㅋ",룡룡,2023-01-24T14:35:52Z,10
열화맨,zm,2023-01-24T14:34:34Z,0
뼈 없는게 아쉽다,히히히,2023-01-24T14:30:44Z,0
침착맨 덕분에 너무도 즐거운 한해였어요 고맙습니다!,incoen,2023-01-24T14:28:00Z,5
디토 듣는데 왜 온몸에 소름이 쫙 돋냐..,Rasselas Song,2023-01-24T14:26:38Z,4
"<a href=""https://www.youtube.com/watch?v=2KxEIeVNOtQ&amp;t=29m50s"">29:50</a> 침착맨 유수암쇄권1 - 쭈팝<br><a href=""https://www.youtube.com/watch?v=2KxEIeVNOtQ&amp;t=30m36s"">30:36</a> 침착맨 유수암쇄권2<br><a href=""https://www.youtube.com/watch?v=2KxEIeVNOtQ&amp;t=37m12s"">37:12</a> 곽준빈 유수암쇄권.long ver",히페리,2023-01-24T14:26:16Z,1
곽준빈 씨 오늘 처음보는데,체코슬로바키아,2023-01-24T14:22:48Z,0
역시 제일 재밌는건 개소리야!!,빵재홍,2023-01-24T14:22:35Z,0
침투부를 보고 내 인생이 360도 달라졌다!,최도현,2023-01-24T14:20:47Z,0
빠니는 왜안나와,양귀비,2023-01-24T14:19:38Z,0
3840,으악,2023-01-24T14:12:54Z,0
국민의례랑 삼태기메들리는 짤렸네 그게 킬포인데,최병진,2023-01-24T14:09:39Z,1
마지막 디토 뭔뎈ㅋㅋㅋㅋㅋㅋㅋㅋㅋㅋㅋㅋㅋ,po po ai knag,2023-01-24T14:07:12Z,0
"<a href=""https://www.youtube.com/watch?v=2KxEIeVNOtQ&amp;t=40m57s"">40:57</a>",판설,2023-01-24T14:01:40Z,0
드디어 전무님 또한 우마님과 &quot;명분&quot;이 생겨버렸군...존버 들어가봅니다.,Asian Trash,2023-01-24T13:59:20Z,0
"<a href=""https://www.youtube.com/watch?v=2KxEIeVNOtQ&amp;t=57m13s"">57:13</a>쯤에 채팅창에서 이것이 지옥이다 ㅇㅈㄹ ㅋㅋㅋㅌㅋㅌㅋㅌㅋㅌㅋ개웃기네ㅜㅜ",PRD,2023-01-24T13:57:55Z,2
오 준빈쿤 나랑 생일이 같군요,Donghyeon,2023-01-24T13:57:39Z,0
이게 시상식이여 mt 여,덩어리,2023-01-24T13:57:16Z,0
침착맨 없었으면 진짜 우울해서 죽었을지도 몰라 감사합니다 아저씨들,허지원,2023-01-24T13:56:03Z,0
마지막은 좀 편집해줘요<br>듣기가 너무 좋네요,충성주의자코르크론,2023-01-24T13:53:50Z,1
"외로울때 , 설거지할때, 남푠 꼴보기 싫을때 함께 해줘서 항상 감사하다!! 올해도 부탁해요❤",홍혜진,2023-01-24T13:53:41Z,20
이랬는데 락스타 초대석 나오면 진짜 대박이다,얼굴수재tv facegenius,2023-01-24T13:53:14Z,4
레데리2 하나더 산다,얼굴수재tv facegenius,2023-01-24T13:53:22Z,0
애국가 논란여지있어서 편집했나뷰네여,김피규,2023-01-24T13:50:53Z,0
호민이형의 애국가가 짤리다니.. 너무아쉽고,매운낙지볶음,2023-01-24T13:45:14Z,0
마지막 디토커버 뭐얔ㅋㅋ,김소현,2023-01-24T13:41:33Z,0
디토 합창 ㅋㅋㅋㅋㅋㅋㅋㅋㅋㅋㅋㅋㅋㅋㅋㅋㅋㅋㅋㅋㅋ,물오름달,2023-01-24T13:40:20Z,2
어 진짜 웃음포인트가 빽~빽하게 깔려있네ㅋㅋ,이섭,2023-01-24T13:36:50Z,0
살오른 김태호 피디님 나오는줄,Jin Lee,2023-01-24T13:35:55Z,0
생각보다 조커 멀쩡하게생겼네 근데 마지막에 피디님들 왜같이부르는데 ㅋㅋㅋㅋㅋㅋㅋ 어이없네,이동동,2023-01-24T13:31:10Z,0
"아니 편집자님 <a href=""https://www.youtube.com/watch?v=2KxEIeVNOtQ&amp;t=40m50s"">40:50</a><br>앞에 자료화면 하나도 안 나오다가 애니 나오니까 포스터 하나 하나 넣는 거 킹받네요 ㅋㅋㅋㅋ",안아Ahn,2023-01-24T13:30:45Z,28
ㅋㅋㅋㅋㅋ,Pieces IU,2023-01-25T03:21:29Z,0
진짜 오피셜로 메일 보냈다는게 너무 소름,Sammm,2023-01-24T13:30:03Z,6
아씨 마지막 디토 부르는 거 겁나 웃기넼ㅋㅋㅋㅋㅋㅋㅋㅋㅋㅋㅋㅋㅋㅋㅋ,수도리,2023-01-24T13:28:56Z,0
염불 ㅋㅋㅋㅋㅋ 군가 ㅋㅋㅋㅋㅋ 장송곡 디톸ㅋㅋㅋㅋㅋㅋ 채팅 개웃기넼ㅋㅋㅋㅋㅋㅋㅋㅋㅋㅋㅋㅋ,까까,2023-01-24T13:28:45Z,0
"<a href=""https://www.youtube.com/watch?v=2KxEIeVNOtQ&amp;t=55m55s"">55:55</a> 공포의 디토",제갈케인,2023-01-24T13:27:25Z,2
아저씨들의 디토 합창!!! 폐회송 역사에 한획을 그었다!!,오디너리진,2023-01-24T13:27:08Z,2
"<a href=""https://www.youtube.com/watch?v=2KxEIeVNOtQ&amp;t=30m42s"">30:42</a> 따끔해요",김동영,2023-01-24T13:24:33Z,0
곽루먼 쇼,도미닉 뽀엠주Dominic.Boemju,2023-01-24T13:22:01Z,0
ㅋㅋㅋㅋ디토 부르는거 개웃ㄱ네 진짜 ㅋㄴㅋㅋㅋㅋㅋㅋ,이형주,2023-01-24T13:20:27Z,2
곽튜브 넘 잘 생겼다 <br>옷이 며 헤어며 넘 멋있다 <br>2023 도  화이팅 <br><br>물론 침투브 팬이기도 <br>호민님 <br>풍님 의 팬이기도 함요 <br><br>모두모두 새해 건강하시고 더 더 성공하셔요 <br><br>두 PD 님들도 화이팅 입니다,Jin Park,2023-01-24T13:18:41Z,0
이날 곽튜브님 생각보다 진짜 이 업태를 관통하고 있다고 느낌,SherlockHolmes,2023-01-24T13:18:10Z,9
"<a href=""https://www.youtube.com/watch?v=2KxEIeVNOtQ&amp;t=4m52s"">4:52</a> 침부투 뭐냐구~",Red Summer,2023-01-24T13:15:12Z,2
왜 조커pd님만 1.5배속 걸었나요?,놀자빡세,2023-01-24T13:14:08Z,1
지옥에서 온 디토 sofa4844님이 피아노 쳐 주시리라 믿는건 저뿐인가요. ㅎㅎ,최리필터고모,2023-01-24T13:14:07Z,0
내년엔 댓글 어워즈도 부탁해 방장!!!,kelvin,2023-01-24T13:11:59Z,3
침착맨 비쥬얼 압도적이다 오늘 개신나보인다,차봉,2023-01-24T13:11:41Z,0
침착맨 2023도 잘 부탁합니다🥹,ANON,2023-01-24T13:11:13Z,0
주펄님의 소울가득한 애국가가 짤린게 아쉽네요 ㅋㅋ,시니야,2023-01-24T13:09:32Z,1
아 디토 부르는게 개웃기네 진짴ㅋㅋㅋㅋㅋㅋㅋㅋㅋㅋㅋㅋㅋㅋㅋㅋㅋㅋㅋㅋㅋㅋㅋㅋㅋㅋㅋㅋㅋㅋㅋㅋㅋㅋㅋㅋㅋㅋㅋㅋㅋㅋㅋㅋㅋㅋㅋㅋㅋ아저씨들ㅋㅋㅋㅋㅋㅋㅋㅋㅋㅋㅋㅋㅋㅋㅋ,소짱이,2023-01-24T13:03:20Z,2
진짜 순간순간이 터지네 ㅋㅋㅋㅋㅋㅋㅋㅋㄴ,Bracken Long,2023-01-24T13:02:21Z,0
디토가 이런 노래였군요?,잇프제 예나,2023-01-24T13:01:17Z,0
"<a href=""https://www.youtube.com/watch?v=2KxEIeVNOtQ&amp;t=56m45s"">56:45</a> 1월의 큰 웃음ㅋㅋㅋㅋ",켈시퍼,2023-01-24T13:00:36Z,3
용병 개웃기네 ㅋㅋㅋㅋㅋㅋ,성이름,2023-01-24T13:00:33Z,0
23년도도 지치지 말고 잘부탁해요 개방장~~,yeon _,2023-01-24T13:00:04Z,0
"<a href=""https://www.youtube.com/watch?v=2KxEIeVNOtQ&amp;t=55m57s"">55:57</a> 시작부터 야발이 안나올 수 없는 화음...",Giants,2023-01-24T12:55:59Z,4
"실방, 원본, 그리고 여기 <br>3번쨰 감상중인 나 같은 사람 손/?",융어츠,2023-01-24T12:55:06Z,1
주펄의 소향버전 애국가 다들 웃참 하느라 진짜 웃겼는데 왜 뺐어요????,YH.C,2023-01-24T12:54:19Z,2
나혼자산다 개!,도미닉 뽀엠주Dominic.Boemju,2023-01-24T12:54:05Z,0
침투부만의 분위기가 느껴져서 넘 좋음 방장 2023년도 부탁해요,honolulu,2023-01-24T12:52:51Z,16
"<a href=""https://www.youtube.com/watch?v=2KxEIeVNOtQ&amp;t=44m33s"">44:33</a> 준빈씨는 빨리 왔으면 좋겠어",Tomy,2023-01-24T12:52:21Z,2
아...아저씨들 너무 귀여워...어린이집 보는거 같애...내 마음까지 순수해지는듯...마음이 정화된다...,오디너리진,2023-01-24T12:50:40Z,23
"<a href=""https://www.youtube.com/watch?v=2KxEIeVNOtQ&amp;t=55m57s"">55:57</a> 개 하울링 하는 것 같네",쿵쿵따리,2023-01-24T12:50:01Z,2
ㅋㅋㅋㅋㅋㅋㅋㅋ궤도님 하나 주셔~요 😂,구독자,2023-01-24T12:47:42Z,1
조커피디 왤케 호감이지,삼월이월,2023-01-24T12:47:18Z,1
Pd님 상받고 인사하고 의자 굴려서 뒤로 가는게 킬포 ㅋㅋㅋㅋㅋㅋㅋㅋ,오디너리진,2023-01-24T12:45:59Z,15
애국가 듣다가 진짜 배찢기는줄 알았다,김나우,2023-01-24T12:42:17Z,0
"<a href=""https://www.youtube.com/watch?v=2KxEIeVNOtQ&amp;t=55m55s"">55:55</a> ~ <a href=""https://www.youtube.com/watch?v=2KxEIeVNOtQ&amp;t=57m33s"">57:33</a> Ditto - ChimJeans",Milkyway☆,2023-01-24T12:36:58Z,1
오늘생일입니다 축하해주세요,나는할수있다TV,2023-01-24T12:35:05Z,0
곽튜브 곽준빈 화이팅☆,나무,2023-01-24T12:34:35Z,0
침투부 화이팅 !!,나무,2023-01-24T12:34:19Z,0
내가 살다살다 6명의 아죠시들이 부르는 디토를ㅜㅋㅋㅋㅋㅋㅋㅋㅋㅋㅋㅋㅋㅋㅋ,바,2023-01-24T12:34:11Z,0
"<a href=""https://www.youtube.com/watch?v=2KxEIeVNOtQ&amp;t=55m55s"">55:55</a> 는 어도어에서 고소할지도 몰라. 뉴진스도 보내줬었는데 이렇게 멕여?",김신념,2023-01-24T12:33:34Z,0
디토 다들 열심히 불러 왜 ㅋㅋㅋㅋㅋㅋㅋㅋㅋ,이소영,2023-01-24T12:30:34Z,1
진짜 2022년 침착맨도 침착맨이지만 우리 팝옾유튜버 김풍님이 진짜 많이 활약하심ㅋㅋㅋㅋ,황치즈,2023-01-24T12:28:50Z,7
아 ㅋㅋㅋ올해들어 제일 많이 웃었네 ㅋㅋㅋㅋㅋㅋㅋㅋㅋㅋㅋ,JURO,2023-01-24T12:28:10Z,0
띠또...,DS_Nam,2023-01-24T12:26:31Z,0
디토 떼창이 개웃기네ㅋㅋㅋㅋㅋㅋㅋㅋㅋㅋㅋㅋ,ㅇㅇㅇ,2023-01-24T12:24:39Z,1
지옥에서 온 디토 완창하는거 존나  웃긴다 진짜 ㅋㅋㅋㅋㅋㅋㅋㅋ,이상해씨,2023-01-24T12:24:13Z,97
디토 ㅅㅂㅋㄱㅋㄱㅋㄷㅋㄷㅋㄷㅋㄷㅋ,ponyo,2023-01-24T12:24:07Z,0
아니 진심 2019 침착맨 어워즈가 엊그제 같은데….. ㅠㅠㅠ 4년 내내 한결 같은 방장아 건강하고 2023도 행복해라 ~,xizuzux,2023-01-24T12:23:12Z,17
다음엔 궤도민수님도 불러주세요 ^^,zelous87,2023-01-24T12:22:39Z,0
호민이형 진짜 옆에서 멘트 맛깔나게 쳐주네<br><br>근데 디토 완곡하는거 ㅈㄴ웃기네,치킨먹는날,2023-01-24T12:21:49Z,91
ㅋㅋㅋㅋㅋㅋㅋㅋㅋㅋㅋㅋㅋㅋ아 이거 개웃기네 ㅋㅋㅋㅋㅋㅋㅋㅋㅋㅋㅋㅋㅋㅋㅋㅋㅋㅋ,JURO,2023-01-24T12:21:36Z,1
본방 보면서 쉴틈없이 웃었습니다!<br>락스타는 빨리 트로피를 받아가라!,최성환,2023-01-24T12:20:35Z,24
디토 단체로 부르는거 빵터졌네 ㅋㅋㅋㅋㅋㅋㅋㅋㅋㅋㅋㅋㅋㅋㅋㅋㅋㅋㅋㅋㅋㅋㅋㅋ,수건,2023-01-24T12:20:10Z,2
삼태기 메들리가 없다니ㅠ,다윤,2023-01-24T12:19:46Z,0
"<a href=""https://www.youtube.com/watch?v=2KxEIeVNOtQ&amp;t=2m30s"">2:30</a> 어우 정장 입으니까 그저 프로페서X 그자체ㅋㅋㅋㅋ",해삼,2023-01-24T12:17:37Z,0
너무읏겨요 ㅠㅠㅠㅠㅠㅠㅠㅠㅠㅠㅠㅠㅠ,폼,2023-01-24T12:16:35Z,0
이거 왜이리 우ㅛ기냐 ㅋㅋ,K.won Kim,2023-01-24T12:14:30Z,0
곽 미연시 또 해주세요,Park,2023-01-24T12:14:12Z,1
소개할때 개청자들 남자몇호 하는게 웃음벨이네ㅋㅋㅋㅋㅋㅋ,ㅇㅇㅇ,2023-01-24T12:13:08Z,1
라이브로보고 원본박물관으로 보고 편집본으로 또봐도 재밌다,아루밍,2023-01-24T12:12:39Z,2
주펄이 흰양말 마지막 자존심이라는게 쌉소인배느낌ㅋㅋㅋㅋㅋㅋㅋㅋㅋ,ㅇㅇㅇ,2023-01-24T12:10:43Z,0
침착맨 운세볼때 주펄 개웃기다 ㅋㅋㅋㅋㅋㅋㅋㅋ,이윤경,2023-01-24T12:10:26Z,3
이날 준빈쿤 넘커여웠엉🥰,루시,2023-01-24T12:09:25Z,3
"주우재, 카더가든 두분이 안나오시다니....ㅠㅠ",상큼한충격,2023-01-24T12:08:18Z,0
오프닝 보니까 요즘 이래서 호민이형이 영어를 배웠구만!,칭찬맨,2023-01-24T12:08:12Z,0
"<a href=""https://www.youtube.com/watch?v=2KxEIeVNOtQ&amp;t=55m55s"">55:55</a><br>경기북부 시골 동네 사는데<br>마을에 못보던 떠돌이 개 나타나면<br>동내 개들이 한번에 같이 이런 소리 냄",꽃무지개,2023-01-24T12:07:20Z,6
아놬ㅋㅋㅋㅋㅋㅋㅋㅋㅋㅋㅋㅋㅋㅋ 노홍철 개 드립급 빌드업이네 ㅋㅋㅋㅋㅋ,캉캉,2023-01-25T09:23:57Z,0
"<a href=""https://www.youtube.com/watch?v=2KxEIeVNOtQ&amp;t=30m10s"">30:10</a> 주펄 침착맨 일상은 대충 예상이 가서 안 궁금한데 전무님의 일상은 진짜로 궁금함",박찬우,2023-01-24T12:06:48Z,11
준빈쿤 너무 멋쟁이야 ㅋㅋㅋㅋㅋㅋㅋ,스팅TV,2023-01-24T12:01:55Z,3
이래서 주펄이 말해보카를 시작했구나,Woo to the Young to the woo,2023-01-24T12:01:12Z,0
준빈쿤 사랑해<br>또나와서 미연시해줘 제발,k min,2023-01-24T12:00:08Z,1
준빈쿤 썸네일 잘생겨보여가지고 놀랐네;,이윤화,2023-01-24T11:59:40Z,0
곽튜브 너무 좋당ㅋㅋㅋ,흰수염고래,2023-01-24T11:59:01Z,0
디토는 뭐 악마 불러내는 주술송인가요?,달코미,2023-01-24T11:56:23Z,2
아니 준빈쿤 생일이라고 노래 불러준거 왜 짤림 ㅋㅋㅋㅋㅋㅋㅋㅋ 그게 개웃긴데,승호,2023-01-24T11:54:54Z,4
너무 재밌다 진짜ㅋㅋㅋ,jack kim,2023-01-24T11:53:49Z,1
이미 이게 곽준빈쇼임 ㅋㅋㅋㅋ,이종호,2023-01-24T11:53:26Z,1
엥? 주펄 애국가 편집됨? 개웃겼는데,너구리,2023-01-24T11:50:21Z,3
"<a href=""https://www.youtube.com/watch?v=2KxEIeVNOtQ&amp;t=11m07s"">11:07</a> 순간 배속된걸줄 알고 재생속도 확인했네ㅋㅋㅋㅋ말 엄청 빠른데 다 들리게 말씀하신다",이경준,2023-01-24T11:50:17Z,1
"<a href=""https://www.youtube.com/watch?v=2KxEIeVNOtQ&amp;t=55m55s"">55:55</a> 늙고해진스",재은,2023-01-24T11:49:09Z,0
곽이 너무 좋다 ㅋㅋㅋㅋㅋㅋ...,닉네임모하지,2023-01-24T11:48:39Z,2
GTA 트로피 궤주라,tomatoH,2023-01-24T11:47:06Z,0
"숏츠와 롱으로 양분된다는것, 컨텐츠보다 ip라는게 정말 관통했다고 생각하거든요?<br>저만해도 짧은 시간 활용은 숏츠 보고, 밥먹을때나 소화시킬때 긴 시간은 TV로 유튜브 틀어놓고 30분짜리 이런거 봅니다.<br>덕질도 같은 양상으로 하고있구요.<br>IP부분도 진짜 관통인게, 개인적으로 팬인 인물이 나오면 어떤 장르던지 채널이든지 상관없이 다 챙겨보는 편인데 전문가들이 보는 시각과 관점은 정말 다르긴 다르네요.<br>근데 디토는 왜 제창하는겁니까...",Sol,2023-01-24T11:45:42Z,5
주호민 주우재 주현영 주유 공근 4대 주씨 멋지다!! 든든하다!,고양이앞발,2023-01-24T11:45:00Z,0
침착맨 2023년도 화이팅 💪,금강불괴,2023-01-24T11:43:55Z,0
준빈군같은사람에게 희망을주고싶다고 햇지만 이미 소득수준이 차이가 많이나서 뭐... 그냥 남생각말고 님맘대로 사십쇼 이기적이어도됩니다,zilch,2023-01-24T11:41:58Z,1
"<a href=""https://www.youtube.com/watch?v=2KxEIeVNOtQ&amp;t=15m33s"">15:33</a> 천인공로상은 나가라 진짜 ㅋㅋㅋㅋㅋㅋㅋㅋㅋㅋㅋㅋㅋㅋㅋㅋ",카레안좋아해요,2023-01-24T11:39:46Z,2
준빈쿤이랑 독펄풍이랑 합방하니 합이 딱맞네ㅋㅋㅋ,sjsjfjcjsdjcnvjfjjfd,2023-01-24T11:39:33Z,13
우울한데 디토 부르는 모습 보고 많이 웃었내요 항상 감사합니다!!!!,김상훈,2023-01-24T11:39:21Z,4
원본 보고 편집본 언제 나오나 기다렸다 미친재미,Eanjin Natural,2023-01-24T11:37:56Z,3
미안해요 커피 쏟을때 &#39;이딴게 시상식?&#39; 나도모르게 입으로 나왔어요.. 하지만 진심으로 축하드립니다 땡큐,운중자,2023-01-24T11:34:19Z,1
주펄 애국가 어디갔어 ㅠㅠ 안익태 선생님한테 저작권 갈까봐 짜른거에요??,김억두,2023-01-24T11:34:09Z,2
원본으로 다봤지만 또 본다<br>이말이란다,토옥새,2023-01-24T11:33:02Z,0
아 너무 진정성 있어서 재밌어요😂😂😂,이joanna,2023-01-24T11:30:19Z,2
뭔가 무도 예능총회 느낌남ㅋㅋㅋ,녹념,2023-01-24T11:30:18Z,1
시간가는줄 모르고 봤네욬ㅋㅋㅋㅋ2023년도 화이팅입니다!!!,dengo,2023-01-24T11:29:11Z,0
이건 꼭 원본으로 보세요 ㅋㅋ,크러드구이,2023-01-24T11:28:52Z,0
마지막 개웃기네 ㅋㅋㅋㅋㅋㅋ,이대리의 대리만족CAR리뷰,2023-01-24T11:28:39Z,0
락스타 진짜 올거같아 ㅋㅋㅋ,이희원,2023-01-24T11:28:08Z,0
국기에 대한 경례때 주펄님 양말 벗거지는거랑 혼신을 담은 애국가가 잘렸네ㅋㅋㅋㅋ 원본 꼭 보셈,초장,2023-01-24T11:28:01Z,8
구진스 구토 잘들었읍니다,TOUCH B,2023-01-24T11:26:25Z,0
주우재  ㅇㄷ,래,2023-01-24T11:26:11Z,0
올드진스 디토 미친 거 아니냐고ㅋㅋㅋㅋㅋ,내불남로,2023-01-24T11:25:51Z,3
"<a href=""https://www.youtube.com/watch?v=2KxEIeVNOtQ&amp;t=8m47s"">8:47</a> 갑자기 락스타게임즈에 추파 던지는 준빈쿤...",민트초코맛바,2023-01-24T11:25:02Z,12
ㅋㅋㅋㅋㅋㅋㅋㅋㅋㅋㅋㅋㅋ,캉캉,2023-01-25T09:11:48Z,0
애국가 어디갔습니까,사과키위,2023-01-24T11:24:52Z,0
님들이거원본도 개잼슴 원본원래잘안보는데,Win B,2023-01-24T11:24:29Z,0
엔딩 익숙하다ㅋㅋㅋㅋㅋㅋ,황건하,2023-01-24T11:24:22Z,0
정장엔 하얀양말 인가요?,음모론자,2023-01-24T11:19:35Z,0
방송출연할때마다 뱃지다는걸로해줘잉,김끼요루,2023-01-24T11:19:18Z,0
곽튜브 너무 귀여워 ㅋㅋㅋㅋㅋ,혀니,2023-01-24T11:19:14Z,0
진짜 시상식이 이렇게 재밌을수가 있나ㅋㅋ 공중파 저리가라네,엄재훈,2023-01-24T11:18:56Z,4
풍형 숨좀셔 ㅋㅋㅋㅋㅋㅋㅋㅋㅋㅋㅋㅋㅋㅋㅋㅋㅋㅋㅋㅋㅋ,어묵돌이,2023-01-24T11:18:25Z,1
ㅋㅋㅋㅋㅋㅋㅋㅋㅋㅋㅋㅋㅋㅋㅋㅋㅋㅋㅋㅋㅋㅋㅋㅋㅋㅋㅋㅋ,김끼요루,2023-01-24T11:17:53Z,0
마지막 디토에서 진짜ㅋㅋㅋㅋㅋㅋ,amugae kim,2023-01-24T11:16:19Z,2
"<a href=""https://www.youtube.com/watch?v=2KxEIeVNOtQ&amp;t=12m35s"">12:35</a> 펄ㄹㅇㅋㅋㅋㅋㅋㅋㅋㅋㅋㅋㅋㅋㅋㅋㅋㅋㅋㅋㅋ",김캠벨문학사,2023-01-24T11:15:52Z,2
이렇게 자리 만들어줘서 감사합니다. 침착맨 늘 넘나 잼있고 고맙고 잘생기고 다합니다 ㅠㅠ 풍님이 &quot;뀰이가 활짝웃고있지 않을까&quot; 할 때 옆에서 주펄님 순간적으로 활짝 웃는 표정 짓는 거 진짜 귀엽네여 ㅋㅋㅋ,Suzinne Kim,2023-01-24T11:15:46Z,96
왠지 유튜브 총회는 올해 연말에 재조명 될거같은데.. <br>예언서처럼 토론에 거론된 안건들이 다 실현될것 같음,이재봉,2023-01-24T11:12:11Z,0
주펄 줌인 될때마다 너무 웃김,Wj L,2023-01-24T11:12:06Z,2
"<a href=""https://www.youtube.com/watch?v=2KxEIeVNOtQ&amp;t=35m20s"">35:20</a> ㅋㅋㅋㅋㅋ라이브로 볼 때는 주펄 이렇게 당황하는 줄 몰랐다 이말이야",Shane Joo,2023-01-24T11:11:50Z,37
"<a href=""https://www.youtube.com/watch?v=2KxEIeVNOtQ&amp;t=30m42s"">30:42</a> 여윽시 인생이 힙합인 침착맨답게 디스도 잘하시네요",1017 stranger,2023-01-24T11:11:05Z,18
아재스 폼 미쳤다..,양파감자,2023-01-24T11:09:38Z,0
이게진짜 순수 웃음으로는 1등이다,빵통조림,2023-01-24T11:09:24Z,8
"<a href=""https://www.youtube.com/watch?v=2KxEIeVNOtQ&amp;t=40m30s"">40:30</a>",jaam sung,2023-01-24T11:09:05Z,0
-철저히 방장 편의식 어수선한 진행<br>-근데 은근히 할 건 다 함<br>-누추해 보이는 배경에 왠지 멋낸 귀빈들<br>-이젠 거의 가족과 같은 침풍<br>-암튼 웃기고 커엽고 기특하지만 또 가끔씩 고개 푹 숙이게 만드는 준빈쿤<br>-광기를 숨기고 있지만 일단은 얼떨결에 휘말린 일반인들처럼 보이는 PD님들<br>-조만간 재활용 될 락스타의 상패<br>-건설적 회의 명목으로 온갖 소리 늘어놓음<br>(근데 은근 건질만한 괜찮은 내용도 섞임)<br>-힘 축 빠지는 노래로 마무리<br><br>마치 침투부를 함축시킨 듯한 어워드였다<br>이게 옳게 된 시상식이지ㅋㅋㅋㅋ<br>2023년 올해도 잘 부탁해요 침투부!,딸기차빵,2023-01-24T11:09:04Z,497
네번째 줄에 “펄풍” 아닌가여 ㅋㅋㅋㅋ 펄님 어디갓어😂😂,dpdmd,2023-01-24T22:31:05Z,15
재수하면서 혼자 밥먹을때 늘 침투부 보면서 칙칙한 시기 잘 보냈는데 이번에 고대 합격했습니다 감사합니다 털보형,피카츄돈까스,2023-01-24T11:08:27Z,168
@원이종 독이 잔뜩 올랐네,Kymphony,2023-01-24T14:12:23Z,18
@Q 좀 믿어라 ㅋㅋㅋ,위험한자식조용혁,2023-01-24T12:40:50Z,4
고구려대 말하는거죠?,원이종,2023-01-24T11:55:55Z,9
축하해요,고먐미,2023-01-24T11:48:20Z,3
준빈이 예쁘게하고 왔넹,황익선,2023-01-24T11:08:05Z,0
빠니보틀상이 콘텐츠 잘만드는 상인가 ㅋㅋㅋ,Just.,2023-01-24T11:07:55Z,0
이쯤되면 나와라 락스타민수야~,seul seul,2023-01-24T11:06:47Z,0
역시 83년생의 자존심 침착맨 그리고 김희철,간단하게말해줘,2023-01-24T11:05:02Z,1
83년생 이병건,기무풍그상,2023-01-24T11:33:48Z,1
준빈쿤 너무 멋있어 너무 멋있어,칠공이,2023-01-24T11:04:56Z,0
무친 디토,달덩이,2023-01-24T11:04:35Z,0
저주받은 디토까지 알찬 구성 감사하다,숨겨진트롤,2023-01-24T11:03:27Z,24
주펄 방망이 진짜 미친듯이 웃었네 ㅋㅋㅋ 저게 왜 있냐고,tricera tops,2023-01-24T11:03:01Z,4
전무님 회전목마 부르는거 완전 아저씨같애 ㅋㅋㅋㅋㅋㅋㅋㅋ,POTATO STEW,2023-01-24T11:02:23Z,5
웹툰을 창조하신 김풍 형님은 또 팝업 유튜버라는 직업을 창조하셨구나,ska lee,2023-01-24T11:00:17Z,147
디토 ㅋㅋㅋㅋㅋㅋ 출연방송인도 아닌데 끝까지 부르는 샌박피디님들 삘하게 웃기네 ㅋㅋㅋㅋㅋㅋㅋ,laconic,2023-01-24T11:00:06Z,18
준빈쿤 상받고 진짜 좋아하는거같고 감동받은거같아서 뭔가넘귀엽다.....ㅋㅋㅋㅋㅋ,jayworker1,2023-01-24T10:59:41Z,395
준빈쿤이랑 결혼할 거 아니면 플러팅하지마세요 마음 헷갈리게,김민우,2023-01-25T13:46:21Z,0
요번에 정말 너무 귀염뽀짝 !,YM,2023-01-24T20:27:47Z,0
@이가연 준빈쿤 많이 사랑해조요.....,루루,2023-01-24T20:04:38Z,9
준빈쿤 살짝 안 좋아했었는데 이 영상보고 넘 기여워서 좋아짐 카와이…,이가연,2023-01-24T18:23:07Z,8
"@황익선 소중 <a href=""https://www.youtube.com/watch?v=2KxEIeVNOtQ&amp;t=10m35s"">10:35</a>",용달블루,2023-01-24T14:05:42Z,2
락스타야 얼른 와라,D s,2023-01-24T10:58:02Z,0
"<a href=""https://www.youtube.com/watch?v=2KxEIeVNOtQ&amp;t=48m12s"">48:12</a>  또국지 진짜 침투력 개웃기네ㅋㅋㅋㅋㅋㅋ",Stain SOO,2023-01-24T10:56:18Z,21
인트로 영상으로 뽑힐 영상 진짜 많았는데 곽튜브를 선택한 침투부...혹시 300만을 노리는건가...?,쿠르르팡팡,2023-01-24T10:54:17Z,8
곽준빈 화이팅!,으악,2023-01-24T10:52:57Z,0
사골 달달하다 ㅎㅎ,Super Korea,2023-01-24T10:51:21Z,0
통역하는거 ㅋㅋ 옛날 개콘때 김성원식 번역개그같아서 웃기네 ㅋㅋㅋㅋ,비늘,2023-01-24T10:51:16Z,1
어우 어수선햌ㅋㅋㅋㅋㅋㅋㅋㅋㅋㅋㅋ,뿌링,2023-01-24T10:51:06Z,0
준빈쿤 마음도 잘생겼다❤,Hyemya,2023-01-24T10:51:00Z,11
‘마음도’,조혁규,2023-01-24T14:02:28Z,2
"<a href=""https://www.youtube.com/watch?v=2KxEIeVNOtQ&amp;t=28m44s"">28:44</a> 빙빙 아세요?<br>알죠. 삐잉비잉 도~라~가~는~ 회전…몽…ㅁ……",잭과 콩나물 공장,2023-01-24T10:50:58Z,5
ㅋㅋㅋㅋㅋㅋㅋㅋㅋㅋㅋㅋㅋ,캉캉,2023-01-25T09:18:48Z,0
유투브길이는 사바사인거같아요.<br>저는 컴퓨터로 게임할때만 보기때문에 좀 긴영상을 선호하는 편인데.<br>그냥 자기전에 심심풀이로 보거나 이동시 잠깐 시청하는 사람들은 짧은 영상을 선호할지도?,김휘동,2023-01-24T10:50:42Z,0
니가 가라 시드니 듣기만 해도 설래네,데에다안해애,2023-01-24T10:50:11Z,0
"<a href=""https://www.youtube.com/watch?v=2KxEIeVNOtQ&amp;t=10m00s"">10:00</a> <a href=""https://www.youtube.com/watch?v=2KxEIeVNOtQ&amp;t=10m00s"">10:00</a><br>秋葉原メイド喫茶「めいどりーみんSHIBUYA」QSCSの見習いグループ所属「つつじ」様にこの光栄を捧げます。<br>ありがとうございます。",곽보틀 KWAK Bottle,2023-01-24T10:48:27Z,10
한동규피디 자꾸 웃참하는 거 귀엽ㅋㅋ,Kk K,2023-01-24T10:48:10Z,37
"<a href=""https://www.youtube.com/watch?v=2KxEIeVNOtQ&amp;t=0m54s"">0:54</a> 준빈쿤 등장할때 왜이렇게 제리같냐 ㅋㅋㅋㅋㅋㅋㅋㅋㅋㅋㅋㅋㅋㅋㅋㅋㅋㅋㅋㅋㅋㅋㅋㅋㅋㅋㅋㅋ",우끼,2023-01-24T10:47:52Z,15
ㄹㅇㅋㅋㅋㅋㅋ,Arg Dali Salvador,2023-01-24T15:30:17Z,0
수요없는 하울링....,정하,2023-01-24T10:46:50Z,0
올해 시상식에 궤도가 또 받을 거 같은 상상에 화학 공부 마렵다 ㅋㅋㅋㅋ,구독자 100명기원 돌타입 석무강,2023-01-24T10:44:36Z,4
이건 애국가 제창부터 풀영상으로 봐야함,logout Kim,2023-01-24T10:43:10Z,8
올드침스 디로 매무리 완벽하고ㅋㅋㅋ,ㅇㅈㅅ,2023-01-24T10:42:01Z,9
"<a href=""https://www.youtube.com/watch?v=2KxEIeVNOtQ&amp;t=21m23s"">21:23</a>",ᄋᄋᄋ,2023-01-24T10:39:10Z,0
이게 실전 압축 영어다 자석들아 ~,오롯이,2023-01-24T10:38:35Z,1
준빈쿤 알러뷰,세정,2023-01-24T10:37:11Z,1
곽튜븐 평생 행복했음 좋겠다,리다,2023-01-24T10:36:36Z,47
디토 가사가 침투부랑 그럴싸하게 어울려 ㅋㅋㅋ훌쩍 커버렸어 함께한 기억처럼~,K Hana,2023-01-24T10:36:22Z,7
캄다운 어워드 유 갓 어워드,-또배기스,2023-01-24T10:36:14Z,0
이거 원본 언제 올라와요!? 미치겠당 ㅋㅋㅋㅋㅋㅋ 당장 원본으로 꼼꼼하게 보고 싶당 ㅋㅋㅋㅋㅋㅋㅋ,mae,2023-01-24T10:35:48Z,16
친절한 사람들,이윤경,2023-01-24T12:03:13Z,3
유튜브 동시송출 하면서 원본은 방송한 끝난 시점부터 바로 볼 수 있어요,키이키이이키이키,2023-01-24T11:28:21Z,1
"침투부는 원본이 제일 먼저 올라와요 <a href=""http://www.youtube.com/results?search_query=%23%EC%B9%A8%EC%B0%A9%EB%A7%A8%EC%9B%90%EB%B3%B8%EB%B0%95%EB%AC%BC%EA%B4%80"">#침착맨원본박물관</a> 으로 가보세요",오그림,2023-01-24T11:01:29Z,2
침착맨 원본 박물관에서 실시간 버튼 눌러서 내려가면 있어용,쏘니,2023-01-24T10:40:27Z,3
올라온지 오래됐음,세정,2023-01-24T10:37:38Z,13
아직 초반부인데 예전에 생방으로 본 주펄 애국가 부분 생각만 해도 웃기네 ㅋㅋㅋㅋㅋㅋㅋ,귀족표범,2023-01-24T10:35:41Z,8
니트 입은 PD님 빠니보틀인줄 알았는데 아니었네,하루이리터,2023-01-24T10:35:31Z,0
언제 200만넘었냐ㅠㅠㅠ,홀롱,2023-01-24T10:34:15Z,0
주우재씨 어디갓죠,정선명,2023-01-24T10:33:27Z,0
아껴봐야지~~❤,mae,2023-01-24T10:33:27Z,0
이게 현대판 조공 책봉 관계 그런건가,늘보쿤,2023-01-24T10:32:27Z,1
연휴를 마무리하는 최고의 선물...,S. J. Kim,2023-01-24T10:32:18Z,2
"<a href=""https://www.youtube.com/watch?v=2KxEIeVNOtQ&amp;t=3m15s"">3:15</a> 참... 이렇게 말하면 안되는데 ㅋㅋㅋ 을사오적 사진 찍으러 온것 같네 ㅋㅋㅋㅋ",Chamin,2023-01-24T10:30:13Z,3
애국가 태극기 짤린거 진짜 아쉽다 ㅋㅋㅋㅋㅋㅋ 하이라이트가 통채로 증발했네,왕짱,2023-01-24T10:28:47Z,9
침투부어워드가 공중파보다 권위있는 이유<br>100% 시청자 투표로 선정됨,갈색폭격기,2023-01-24T10:28:33Z,50
"편집자형 오타났어 <a href=""https://www.youtube.com/watch?v=2KxEIeVNOtQ&amp;t=4m52s"">4:52</a>  침부투라니 같은 하남자로써 못참아 힝구",얘야인생은원래자기생각ㄷH로되지않는법이란,2023-01-24T10:28:18Z,3
2022년 고3 생활하면서 너무 힘들고 포기하고 싶은 순간도 정말 많았지만! 석식 먹기 전이나 기숙사에서 새벽에 소소하게 10-20분씩 챙겨보는 맛으로 힘든 수험 생활을 버틸 수 있었습니다. 앞으로의 침튜브와 함께 고공행진하며 더 좋은 사람이 되도록 하겠습니다. 사랑해 침착맨,남철산,2023-01-24T10:28:11Z,707
잘 하실 거예요😊,Second Best Capitalism,2023-01-25T06:03:13Z,0
철산씨가 다니는 학교는 그럼 철산고인가요? 푸하하하핰!,달농,2023-01-25T03:56:04Z,0
철산아 행복해야한다~,Francesco J,2023-01-25T01:09:21Z,0
철산쿤 수고했엉 뽀뽀쪽,Mms M,2023-01-24T18:47:27Z,0
"어디가던지간에 하는만큼 잘 되시길 바라고, 열심히 움직인만큼 결실과 금전적인부분이 함께 되길 기원할게요.",티비보기,2023-01-24T18:28:29Z,1
곽준빈 귀여웡 올해도 재밌는걸로 나오자!!,국밥위의 포뇨,2023-01-24T10:27:25Z,31
눈 감고 엔딩 노래들으면 좀비바이러스에 뇌 오염된 상태로 어디 묶여서 부르는 거 같음 ㅋㅋㅋㅋㅋㅋㅋㅋㅋㅋㅋㅋㅋ,김정연,2023-01-24T10:27:00Z,18
ㅋㅌㅋㅋㅋ,홍혜진,2023-01-24T13:58:35Z,0
작년 한 해 침투부 덕분에 행복했습니다!<br>올해도 즐거운 컨텐츠 많이 만들어주셔서 얼마 안남은 제 군생활이 순식간에 지나가게 해주세요! <br><br><br><br><br>24년 전역입니다!,수다솔,2023-01-24T10:24:37Z,51
속보 아직 23년 1월도 안끝났다,Dovahkiin,2023-01-24T16:36:07Z,0
24년은 안 온다 ㅋㅋㅋㅋㅋㅋㅋㅋㅋㅋㅋ 춤추는 페페나 보며 버텨라 ㅋㅋㅋㅋ,김민수,2023-01-24T12:03:22Z,0
나라 지켜주셔서 감사합니다 조금만 더 화이팅하세요☺️,포동포동,2023-01-24T11:04:03Z,1
24년이 오나요??,reenact,2023-01-24T10:56:48Z,7
저도 24년 4월 전역입니다,해피엔딩,2023-01-24T10:43:06Z,1
"&#39; 우리에겐 MAMA, 멜론 뮤직 어워드, 연예 대상, 아카데미 시상식 이다~ 이 말이야 &#39;<br>★ ★ ★ ★ ★",침동진 평론가,2023-01-24T10:23:20Z,40
@hahahaho ㅋㅋㅋㅋㅋㅋㅋ 그래미 ㅋㅋㅋㅋㅋ 축하공연 뉴침스의 뒷통,침동진 평론가,2023-01-24T13:07:45Z,0
이게 리얼 그래미 아카데미지,hahahaho,2023-01-24T11:27:57Z,3
올해 300만 갑시다,Chan hui Jeon,2023-01-24T10:22:49Z,0
준빈씨 포멀한 스타일 너무 잘어울리네요,헤모네이드,2023-01-24T10:22:23Z,8
앟 주펄 애국가 편집됐네 아숩,예진,2023-01-24T10:21:08Z,0
ㅋㅋ 준빈이 귀여웡,개백수가꿈,2023-01-24T10:20:55Z,0
Calm down award. You got award. ㅋㅋㅋㅋㅋㅋㅅㅂㅋㅋㅋㅋㅋㅋ준빈쿤 너무 좋앜ㅋㅋㅋ,North,2023-01-24T10:20:51Z,30
저항 없이 터짐 ㅋㅋㅋㅋㅋㅋㅋㅋㅋㅋ,성이름,2023-01-24T10:22:42Z,3
아웃트로 삼태기 메들리 아니네ㅋㅋ,명월스님,2023-01-24T10:19:41Z,0
인트로 진짜 ㅋㅋㅋㅋㅋㅋㅋ,Duchan Park,2023-01-24T10:19:33Z,0
차려입으니까 ㄹㅇ 존잘이네 평소에 후리한 모습만 보여주더니… 역시 곽준빈,잭과 콩나물 공장,2023-01-24T10:18:49Z,38
당신이 제일 나빠,테두킴,2023-01-24T10:46:39Z,3
아니 마지막에 개방장이라고 할 줄 알았는데..?,pepper,2023-01-24T10:29:01Z,9
주호민님 정장 입으니까 질뿌기 같아요! 멋있어요~,Ssapposer,2023-01-24T10:18:28Z,0
"<a href=""https://www.youtube.com/watch?v=2KxEIeVNOtQ&amp;t=55m55s"">55:55</a> 지옥에서 올라온 Dittoㅋㅋㅋㅋㅋ 풀버전으로 꽉꽉 채운 침수자도 아주아주 감사하다",봤구나마타타,2023-01-24T10:17:59Z,710
분신사바 ㅋㅋㅋㅋㅋㅋㅋㅋ,개밍,2023-01-25T10:51:45Z,0
스타트 정확히 끊는 주펄님 역시..,Meel aphy,2023-01-25T03:53:24Z,2
영상 내내 웃긴 했는데 여기서 제일 빵터짐 ㅋㅋㅋㅋㅋㅋ<br>왜 중간컷 안하고 계속 부르냐고 ㅋㅋㅋㅋㅋㅋ,LEGO,2023-01-25T00:14:52Z,2
누가 이거보고 &#39;낡고해진스&#39;라고 한 게 개웃김,차유진,2023-01-24T19:01:28Z,20
디토 부른거 보고 저작권 걸릴까봐 내심 걱정했는데 다행이네요~,빻구,2023-01-24T17:51:28Z,2
침부투 오타이써요 침수자님~,민승기,2023-01-24T10:17:47Z,0
괴도님 올해부터 더 열심히 하실게 보이는 기분,몬스터울트라,2023-01-24T10:17:35Z,5
"<a href=""https://www.youtube.com/watch?v=2KxEIeVNOtQ&amp;t=13m54s"">13:54</a> 진짜 ㅈㅗ오오오오온ㄴ나 웃기네ㅔㅋㅋㅋㅋㅋㅋㅋㅋㅋㅋㅋㅋㅋㅋㅋㅋㅋㅋㅋㅋㅋㅋㅋㅋ",L_cuga,2023-01-24T10:17:19Z,2
"인트로 <a href=""https://www.youtube.com/watch?v=2KxEIeVNOtQ&amp;t=7m58s"">7:58</a>",아빠가힘쎄면부가세,2023-01-24T10:15:17Z,2
이백만 축하드립니당,벼씨,2023-01-24T10:15:17Z,1
ㅋㅋㅋㅋ 올해 레데리2 잘 되서 내년에는 락스타도 꼭 참여하자,PNXG,2023-01-24T10:15:09Z,4
JB 수트 차려입고 흰양말 개킹받네 ㅋㅋㅋ,쿠왁쿠왁,2023-01-24T10:14:49Z,2
"<a href=""https://www.youtube.com/watch?v=2KxEIeVNOtQ&amp;t=7m53s"">7:53</a> <a href=""https://www.youtube.com/watch?v=2KxEIeVNOtQ&amp;t=28m07s"">28:07</a> 준빈스쿨 닷컴",핑 찍어놓고 보는사람,2023-01-24T10:14:28Z,4
칠무해 폼 미쳤다,Cyan,2023-01-24T10:13:50Z,4
지옥의 디토 잘들었습니다...,K M,2023-01-24T10:13:44Z,0
"<a href=""https://www.youtube.com/watch?v=2KxEIeVNOtQ&amp;t=55m57s"">55:57</a>   &quot;가자&quot;",강영훈,2023-01-24T10:13:43Z,3
진짜 가야될듯 ㅋㅋㅋㅋ,Hotspur Spurs,2023-01-24T15:10:40Z,0
궤도가 없다는게 믿겨지지않는다 ..,실망한개구리,2023-01-24T10:13:27Z,3
"<a href=""https://www.youtube.com/watch?v=2KxEIeVNOtQ&amp;t=7m55s"">7:55</a> 영어하는 준빈쿤을 보고 저도 영어에 자신감이 생겼어요!! 야!! 너두 할 수 있어!",라노링,2023-01-24T10:12:06Z,96
듣고 바로바로 나오는게 은근 쉽지않음.,현이,2023-01-25T03:46:37Z,0
"<a href=""https://www.youtube.com/watch?v=2KxEIeVNOtQ&amp;t=55m55s"">55:55</a> 지옥의 장송곡",이종호,2023-01-24T10:11:59Z,5
조커피디 웃참 시부래 ㅋㅋㅋㅋ,S,2023-01-24T10:11:43Z,0
긍데 영어 진짜로 저렇게 하는거임??,goring,2023-01-24T10:11:29Z,0
이게 나한텐 한시간짜리 수트 뽀르노야,가마우,2023-01-24T10:10:49Z,1
한결같지만 올해도 버텨준 침착맨 고맙다!,ㅇㄱㅁ,2023-01-24T10:10:37Z,704
@김장 걍 그냥 꼬아서 말해본거,정만규,2023-01-25T03:43:31Z,1
@정만규 ? 니가 뭘버팀?,김장,2023-01-25T03:23:00Z,2
우리가버틴거짘ㅋㅋ 침형은 지맴대로 하는걸,정만규,2023-01-25T00:29:22Z,4
침착맨은 갓청자를 슬프지 않게 하려고 버텼다!,조규현,2023-01-24T13:22:13Z,30
!!!내년도 잘 버티자잉!!!,Everyday Up,2023-01-24T11:43:08Z,9
"<a href=""https://www.youtube.com/watch?v=2KxEIeVNOtQ&amp;t=4m25s"">4:25</a> 주펄님 머리하셨네 이러네ㅋㅋㅋㅋㅋㅋㅋㅋ",하루그림하나  1Day1Greem,2023-01-24T10:10:24Z,10
곽튜브 장하다!,공활 의형제,2023-01-24T10:10:03Z,0
곽튜브 턱시도 좀 보셈 폼 미쳤다... ㄷㄷ,석찬 이,2023-01-24T10:10:01Z,2
전무님은 전설이다 2관왕 미쳣따,로떼우승,2023-01-24T10:09:51Z,1
"<a href=""https://www.youtube.com/watch?v=2KxEIeVNOtQ&amp;t=55m56s"">55:56</a> 살구색 수정구 놓고 주술 시작",JinG,2023-01-24T10:09:19Z,11
ㅅㅂㅋㅋㅋㅋㅋㅋㅋㅋㅋㅋ,Hotspur Spurs,2023-01-24T15:07:03Z,0
락스타 이래도 안 와?,흰둥,2023-01-24T10:08:37Z,3
유독 화면 왼쪽이 밝아보이네요,Latifundia,2023-01-24T10:07:48Z,1
"연기대상, 연예대상은 안봐도 침투부 어워즈는 꼭 본다 ㅋㅋㅋ",Muy Cansado,2023-01-24T10:07:11Z,195
@JAKE 이제 놀뭐도 개노잼이라 유재석 수상도 관심없음 ㅋㅋㅋ,김민수,2023-01-24T12:05:42Z,8
ㄹㅇㅋㅋ,Sol,2023-01-24T11:46:40Z,0
사실 이제 수상 유재석님이 받냐안받냐 말고 딱히 관심도없어짐 ㅋㅋㅋㅋㅋㅋㅋㅋ,JAKE,2023-01-24T10:29:40Z,20
재미면에서 비교가 안되니 뭐 ㅋㅋㅋㅋㅋㅋㅋㅋㅋㅋㅋㅋ,크레센도_999(crescendo_999),2023-01-24T10:27:22Z,21
곽준빈 귀여워…,주황공룡,2023-01-24T10:07:10Z,3
아저씨 6명이 정장차려 입고 모여서 시상식 진행 후 디토로 마무리하는 방송,그린테라스,2023-01-24T10:07:01Z,7
준빈쿤 ㅋㅋㅋㅋ,bc a,2023-01-24T10:07:00Z,0
"라이브로 한번 맛보고, 본 채널에서 다시 맛보고... 이게 야스지",흥국59,2023-01-24T10:06:11Z,3
락스타야 고맙다~,이현호,2023-01-24T10:06:11Z,0
준빈쿤 표정 너무 웃기네 진짜 ㅋㅋㅋ,Hermes,2023-01-24T10:05:44Z,67
이건 진짜 침원박가서 3시간 풀로 봐야됨,ㅇㅇ,2023-01-24T10:05:41Z,630
이런 댓글이 모든 영상에 있어.. 우린 도대체 어떻게 살아야 해?,갑자기 연설하는 사람,2023-01-25T12:22:35Z,0
생방 개꿀,bird,2023-01-25T09:04:01Z,0
섹시프린스침원박,Seokhun Oh,2023-01-24T23:48:45Z,0
이거 ㅅㅂ 개꿀잼,고앵이,2023-01-24T19:18:23Z,0
ㄹㅇ 빠진게 너무 많음 ㅋㅋㅋㅋ 3시간 풀로 웃을수잇음,누운비둘기,2023-01-24T19:13:57Z,0
재획용 영상 키타ㅡ!,별,2023-01-24T10:05:31Z,0
애국가로 워밍업해주고 디토로 혼을 빼버린 방송,stk,2023-01-24T10:05:23Z,32
아카데미! 깐느! 선댄스! 침투부! 렛츠고~,JW Shin,2023-01-24T10:05:21Z,2
ㅋㅋㅋㅋㅋㅋㅋㅋㅋㅋㅋ디토 합창 개웃기넼ㅋㅋㅋㅋㅋㅋㅋ,jin bake,2023-01-24T10:05:14Z,12
곽튜브 잘생겨보이네,아라따,2023-01-24T10:05:09Z,0
컴다운 어워드 유갓어워드 ㅋㅋㅋㅌ의역전문가 곽튜브 폼 미쳤곸ㅋㅋ,Aossi,2023-01-24T10:05:01Z,4
디토 끝도 없이 뇌절하는게 개웃기네 ㅋㅋㅋㅋㅋㅋㅋㅋㅋㅋㅋㅋㅋㅋㅋㅋㅋㅋㅋㅋ,JH CHUN,2023-01-24T10:05:00Z,67
디토 다시 들으러 옴,두초리,2023-01-24T10:04:54Z,0
"<a href=""https://www.youtube.com/watch?v=2KxEIeVNOtQ&amp;t=00m55s"">00:55</a> &#39;폭력적인 웃음이다.&#39;",행복한아메바,2023-01-24T10:04:52Z,4
주펄님 소향버전 애국가 어디갔어..,민철 신,2023-01-24T10:04:43Z,6
쭈향 애국가 왜 짤렸지 올해 최고로 웃겼는데,block,2023-01-24T10:04:35Z,5
준빈쿤 오늘 잘생겨 보이네,SUNGJUN PARK,2023-01-24T10:04:21Z,1
뉴진스가 찾아와준것도 고마운데 지옥의 랩소디토로 복수해버리는 아저씨들...,oyif,2023-01-24T10:04:00Z,193
개 웃기다 진짜 ㅋㅋㅋㅋㅋㅋㅋㅋㅋㅋ,두꼼,2023-01-24T12:40:10Z,11
박휘순 폼 미쳤다,Death,2023-01-24T10:03:55Z,7
연휴 마지막날 보는 침투부… 이게… 행복…?,L_cuga,2023-01-24T10:03:29Z,39
소개하고 내빈 들어오면 박수가 나와야 되는데 침착맨 웃음이 나오네 ㅋㅋㅋㅋㅋㅋ,포브,2023-01-24T10:03:19Z,1285
@Paul Phoenix 침하하하~,Jinseok Lee,2023-01-25T14:36:47Z,0
그냥 웃음도 아니고 박장대소ㅋㅋㅋ,미어캣,2023-01-25T09:12:22Z,0
ㅋㅋㅋㅋㅋㅋㅋ 아 근데 차려입은 게 너무 웃겨 ㅋㅋㅋㅋㅋㅋㅋㅋㅋ,김인환,2023-01-24T23:28:55Z,0
ㄹㅇ 너무 신박한 시상식이라 침다운 것bbbb,김주연,2023-01-24T18:37:53Z,0
내빈이 들어와야 하는데 준빈이 들어오니깐 그렇죠,Paul Phoenix,2023-01-24T13:57:42Z,29
"<a href=""https://www.youtube.com/watch?v=2KxEIeVNOtQ&amp;t=55m56s"">55:56</a> 시상식에서 부두술? 오히려 좋아",Ko Mar,2023-01-24T10:03:19Z,16
어느샌가 뻔뻔해진 준빈쿤..!!<br>아재들 앞에선 당당한 자신감대장이지만 여캠들 앞에선 구석에 웅크려 괜찮아요만 남발하는…,빡으,2023-01-24T10:03:19Z,15
❤❤❤,김해맨,2023-01-24T10:03:18Z,0
레오나르도 디카프리오 결국 또 수상 실패 했네..,수정과절단기,2023-01-24T10:03:05Z,6
ㅋㅋㅋㅋㅋㅋㅋㅋㅋㅋㅋㅋㅋ,캉캉,2023-01-25T09:26:04Z,0
곽침펄풍 개웃기네 ㅋㅋㅋㅋㅋㅋㅋㅋ,치킨을 업고,2023-01-24T10:03:03Z,2
컴다운 어워드 유 갓 어워드 ㅋㅋㅋㅋㅋ 근데 맞는 말 아닌가요? ㅋㅋㅋ,Young jin Choi,2023-01-24T10:02:53Z,1
생방 -&gt; 원박 -&gt; 침튭의 로테이션이 하나의 플랫폼으로 들어오니 이제 무조건 세번 보게 되네요.,테두킴,2023-01-24T10:02:42Z,484
침며듬,kujo kujo,2023-01-24T16:37:09Z,0
행복 스파이럴,delta_crown,2023-01-24T11:37:43Z,0
너도? 야 나두 야나두↗야나두↘,KH U,2023-01-24T11:36:43Z,0
"없는 시간 쪼개서 집안일 하면서는 본강의 듣고, 조금 설렁설렁 해도 되는 일 할 땐 요약본 보고, 시간이 완전 남으면 핵심만 콕콕 짚은 핵심노트 보는거지... 남들 놀때 침투부 복습하면 시간 괜찮음",fockemejdod,2023-01-24T11:07:17Z,8
우릴수록 진해지는 사골같은 침투부,수현,2023-01-24T10:39:51Z,0
디토 폐회식은 광기다,전승민,2023-01-24T10:02:41Z,5
"<a href=""https://www.youtube.com/watch?v=2KxEIeVNOtQ&amp;t=2m01s"">2:01</a> 마치 짜고 움직인 듯한 움직임",Phasor,2023-01-24T10:02:35Z,2
"<a href=""http://www.youtube.com/results?search_query=%23%EC%B9%A8%EC%B0%A9%EB%A7%A8"">#침착맨</a> 올한해 구독자 300만명가자 그리고같이 행복과이말년씨 응원하자 화이팅❤️❤️❤️❤️❤️❤️❤️❤️❤️",MOON히트,2023-01-24T10:02:31Z,5
준빈쿤 몰라보겠어,LEN E,2023-01-24T10:02:17Z,0
호민 삼촌 같은 사람이 되고 싶어요....,문건하,2023-01-24T10:02:06Z,9
다 필요없고 디토 풀버전 들으러 왔습니다,자람,2023-01-24T10:01:49Z,4
곽 나올때 개방장 웃음소리 ㅅㅂ ㅋㅋㅋㅋㅋ,대현,2023-01-24T10:01:49Z,17
일주일을 버티게 해주는건 일요일이지만 일년을 버티게 해주는건 침아저씨뿐이야..2023캄다운맨 레츠고!!,chimchim,2023-01-24T10:01:48Z,213
말 참 예쁘게 하시네요 ㅎㅎ 새해 복 많이 받으세요!,럴쑤있지,2023-01-24T10:25:48Z,12
설 연휴 마지막날 최고의 선택,커리프린스,2023-01-24T10:01:47Z,0
설거지 다 삽니다.,물렁,2023-01-24T10:01:46Z,1
"<a href=""https://www.youtube.com/watch?v=2KxEIeVNOtQ&amp;t=55m57s"">55:57</a> 역병걸린 구울의 Ditto",아침엔라면점심엔닭가슴살,2023-01-24T10:01:44Z,22
마지막에 아저씨들이 띠또 부르는거 보고 뉴진스 친구들이 상처받지 않기를,우우우린,2023-01-24T10:01:38Z,10
"<a href=""https://www.youtube.com/watch?v=2KxEIeVNOtQ&amp;t=55m55s"">55:55</a> 죽음의 디토 시작..",block,2023-01-24T10:01:33Z,30
&quot;이게 우리에겐 오스카고 그래미야&quot;,None-Boii,2023-01-24T10:01:33Z,91
"침 카다시안과 쭈이 암스트롱, 김아킨 풍닉스와 곽카프리오... 꿇릴게 없는 라인업. 오스카는 침투부 어워즈를 두려워합니까?",맵시꾼,2023-01-24T10:17:30Z,5
@ㅇㅈㅅ 하지만 개호들갑 맨이죠?,냥냥로우킥,2023-01-24T10:15:52Z,2
&quot;가장 침착한 것이 가장 세계적인 것&quot;,ㅇㅈㅅ,2023-01-24T10:07:10Z,11
이 사람이 내겐 김태희고 송혜교야,chichi jinhee,2023-01-24T10:03:20Z,7
컴다운 어워드 ㅋㅋ,홍정수,2023-01-24T10:01:32Z,0
대 황 준 빈,dream드림,2023-01-24T10:01:32Z,0
우와,이크리스,2023-01-24T10:01:29Z,0
56초전,Mr. Lee,2023-01-24T10:01:28Z,1
준빈씨가 통역 한다길래 당연히 일본어일줄 알았던 저의 편견... 반성하겠습니다.,김정하,2023-01-24T10:01:26Z,7
와 시상식,비 오드,2023-01-24T10:01:21Z,0
컴다운맨 어워즈 ㅋㅋㅋㅋㅋㅋ,박하은,2023-01-24T10:01:15Z,0
나한텐 이게 세뱃돈이야,외부용도,2023-01-24T10:01:10Z,2
43초전 조회수 3  ㄷㄷㄷㄷㄷㄷㄷㄷㄷㄷㄷㄷㄷㄷㄷㄷㄷ,very berry,2023-01-24T10:01:06Z,0
3초전은 킹참지,김주년,2023-01-24T10:01:03Z,0
박정민 대배우조차 탐내는 그 상,MicroBoy,2023-01-24T10:01:01Z,9
"<a href=""https://www.youtube.com/watch?v=2KxEIeVNOtQ&amp;t=7m59s"">7:59</a> 영어는 자신감 콱스쿨",팜,2023-01-24T10:00:59Z,7
1둥,왜관,2023-01-24T10:00:53Z,0
1등,SH K,2023-01-24T10:00:50Z,0
빨간날에도 침투부는 굴러간다,₩on,2023-01-24T10:00:50Z,6
.,박준후,2023-01-24T10:00:47Z,0
🎉,J J,2023-01-24T10:00:46Z,0
인트로부터 개웃기네ㅋㅋㅋㅋㅋ,민초맛있당,2023-01-24T10:00:44Z,0
27초전ㄷㄷ,종수 김,2023-01-24T10:00:44Z,0
재밌게 잘 봤습니다^^,Luke hun,2023-01-24T10:00:43Z,23
네?,김용석,2023-01-24T10:03:33Z,1
이미 생방 원박으로 다 즐기신듯 …,테두킴,2023-01-24T10:03:00Z,0
1분만에..?!,숨겨진트롤,2023-01-24T10:02:38Z,1
캄다운 어워드ㄷㄷㄷㄷㄷㄷㄷ,TJR,2023-01-24T10:00:41Z,0
13빠,황선진,2023-01-24T10:00:40Z,0
꺄,아죠시,2023-01-24T10:00:35Z,0
❤,오다닥,2023-01-24T10:00:33Z,0
곽준빈 폼 미쳣다,풉,2023-01-24T10:00:33Z,7
굿,여진욱,2023-01-24T10:00:29Z,1
왔어~~~~~~~~~~~~~~~,2H1,2023-01-24T10:00:28Z,0
침하,kdy1117,2023-01-24T10:00:18Z,0
